Date 	Carrera	Nico A	Eze	Sol W	Luli	Anto	Mai	Agus Ol	Ine	Denu	Panchi	Pablo S	Gonza S	Gonza H	Flor Y	Mati N	Flor N	Dani G	Sol	Jman	Mcos	Ipas	Jrey	Bola	Santi Ar	Clau	Fran Be	Maru	Agus Doro	Santi Alba	Gonza Bas	Peter	Seba M	Facu	Fran Belli	Simon	Nico B	Dami G
01/03/2026	Inicio																		2																			
08/03/2026	Australia / Albert Park Circuit																																					
15/03/2026	China / Shanghai International Circuit																																					
29/03/2026	Japan / Suzuka Circuit																																					
12/04/2026	Bahrain / Bahrain International Circuit (Sakhir)																																					
19/04/2026	Saudi Arabia / Jeddah Corniche Circuit																																					
03/05/2026	USA / Miami International Autodrome																																					
24/05/2026	Canada / Circuit Gilles Villeneuve																																					
07/06/2026	Monaco / Circuit de Monaco																																					
14/06/2026	Spain / Circuit de Barcelona-Catalunya																																					
28/06/2026	Austria / Red Bull Ring																																					
05/07/2026	United Kingdom / Silverstone Circuit																																					
19/07/2026	Belgium / Circuit de Spa-Francorchamps																																					
26/07/2026	Hungary / Hungaroring																																					
23/08/2026	Netherlands / Circuit Zandvoort																																					
06/09/2026	Italy / Autodromo Nazionale Monza																																					
13/09/2026	Spain / Madrid Street Circuit																																					
26/09/2026	Azerbaijan / Baku City Circuit																																					
11/10/2026	Singapore / Marina Bay Street Circuit																																					
25/10/2026	USA / Circuit of the Americas																																					
01/11/2026	Mexico / AutÃ³dromo Hermanos RodrÃ­guez																																					
08/11/2026	Brazil / AutÃ³dromo JosÃ© Carlos Pace (Interlagos)																																					
21/11/2026	USA / Las Vegas Street Circuit																																					
29/11/2026	Qatar / Lusail International Circuit																																					
06/12/2026	UAE / Yas Marina Circuit																																					

